student_id,student_name,email,gender,department,scholarship,parental_education,extra_curricular,age,cgpa,attendance_rate,family_income,past_failures,study_hours_per_week,assignments_submitted,projects_completed,total_activities,sports_participation,dropout
205978,Aarav,aarav.205978@college.edu,Female,BIO,Yes,Graduate,Yes,23,5.50105511448317,64.1658171638089,42981,2,23.2,42,4,1,No,0
204732,Ananya,ananya.204732@college.edu,Male,BIO,No,Postgraduate,Yes,24,6.0094063787539,95.5486838719617,21124,6,5.9,15,0,7,No,1
214260,Rahul,rahul.214260@college.edu,Male,ME,No,Graduate,No,25,6.17213726538864,94.3515743699101,33785,5,18.2,11,1,9,Yes,0
205045,Sneha,sneha.205045@college.edu,Male,CIVIL,Yes,Postgraduate,No,16,5.73889472599104,87.9825151531682,52863,3,21.7,38,3,8,No,0
217562,Vikram,vikram.217562@college.edu,Male,COMMERCE,Yes,Graduate,Yes,18,5.9622832052787,87.6340752244888,12071,3,19.4,24,4,4,Yes,0
214749,Pooja,pooja.214749@college.edu,Female,ECE,No,Graduate,Yes,19,6.01756283417761,47.8509242583147,-994,5,18.2,17,4,3,No,1
215948,Rohan,rohan.215948@college.edu,Other,COMMERCE,No,Graduate,Yes,24,5.3435708193941,69.0573645665349,47834,4,14.9,10,2,7,No,1
213601,Kavya,kavya.213601@college.edu,Female,ECE,No,Graduate,No,22,6.61168670546347,77.2367262458307,42029,4,15.1,52,4,0,No,0
215676,Aditya,aditya.215676@college.edu,Female,ECE,No,Primary,No,17,5.8395999642525,78.3795276889834,44531,5,6.6,6,3,9,No,0
211707,Divya,divya.211707@college.edu,Male,ECE,Yes,Secondary,No,17,5.69144115918132,80.0226595066159,52886,5,12.8,35,2,6,Yes,0
218543,Karthik,karthik.218543@college.edu,Male,ECE,No,Postgraduate,No,24,6.0863568554118,86.2999242172057,37297,5,18.3,17,2,8,Yes,0
202632,Meera,meera.202632@college.edu,Male,ARTS,No,Secondary,Yes,16,4.50355628598003,56.3696095900003,12214,5,10.7,59,4,9,No,1
216011,Sanjay,sanjay.216011@college.edu,Male,ECE,No,Graduate,Yes,16,6.77018907933649,73.1102723676558,75170,6,13.7,14,2,0,Yes,1
214071,Neha,neha.214071@college.edu,Male,CS,Yes,Primary,Yes,25,5.79440748316245,69.62681754885,61984,4,6.1,30,3,5,No,0
205383,Arjun,arjun.205383@college.edu,Female,CIVIL,No,Graduate,Yes,23,5.82299621301253,76.7836213402998,47185,3,7.2,53,4,0,Yes,0
201454,Priya,priya.201454@college.edu,Female,ECE,No,Postgraduate,No,24,5.79299959069448,89.0465895389438,39265,3,17.9,39,4,9,No,0
218121,Varun,varun.218121@college.edu,Male,ECE,No,Graduate,Yes,20,6.88474779364184,77.6928006716597,69858,5,19.1,15,2,7,No,1
217915,Shreya,shreya.217915@college.edu,Male,CIVIL,No,Graduate,Yes,26,4.8202580208686,62.3555271215348,52931,2,15.1,30,0,4,No,0
209071,Nikhil,nikhil.209071@college.edu,Female,CIVIL,No,Graduate,Yes,26,5.60648769738889,97.4253247494316,57560,6,7.7,32,1,7,Yes,0
219271,Tanvi,tanvi.219271@college.edu,Female,ECE,No,Graduate,No,19,6.6297019885524,64.0222644950276,45173,5,9.6,3,2,4,No,0
206532,Manish,manish.206532@college.edu,Male,BIO,No,Graduate,Yes,20,5.50105511448317,59.6450825484454,57380,5,21.1,33,1,3,No,1
210496,Ritu,ritu.210496@college.edu,Female,ECE,No,Graduate,Yes,17,4.11659284199555,68.9021230322025,75292,6,10.6,16,1,1,Yes,1
211838,Harish,harish.211838@college.edu,Other,BIO,Yes,Graduate,Yes,20,6.16020923075112,70.0600150355931,27095,4,16.0,33,0,8,No,0
201770,Anjali,anjali.201770@college.edu,Male,ME,No,Graduate,Yes,25,6.45410205768548,71.7261085783477,20256,3,15.8,37,1,2,No,0
201686,Deepak,deepak.201686@college.edu,Male,COMMERCE,Yes,Graduate,Yes,20,5.90315483519055,69.1064390862068,75604,4,17.6,53,0,3,No,1
211416,Swati,swati.211416@college.edu,Male,ECE,Yes,Primary,Yes,24,4.61110239729312,79.2215243412761,65279,2,12.7,0,3,4,No,1
206822,Akash,akash.206822@college.edu,Female,ECE,No,Secondary,No,23,5.50105511448317,82.733448455432,51495,3,7.7,31,2,6,Yes,0
205963,Bhavna,bhavna.205963@college.edu,Male,COMMERCE,No,Graduate,Yes,21,4.21649747289891,75.1346646435468,58649,3,15.5,56,0,2,Yes,0
209738,Gautam,gautam.209738@college.edu,Female,BIO,No,Graduate,Yes,22,6.72407030807017,62.098320422386,63685,6,12.8,8,2,7,Yes,0
203000,Isha,isha.203000@college.edu,Male,CS,Yes,Graduate,Yes,25,4.9274036928523,90.7831015921223,17264,6,17.7,12,4,0,Yes,0
